Claw_Length_cm,Endangered,Size_cm,Species,Sub_Species,Tail_Length_cm,Weight_kg
7.195,least_concern,49.905,three_toed,Pale-throated sloth,4.855,5.737
5.987,least_concern,63.257,two_toed,Hoffmans two-toed sloth,2.147,6.017
5.89,least_concern,61.366,two_toed,Hoffmans two-toed sloth,3.208,5.355
8.244,least_concern,65.266,two_toed,Linnaeus two-toed sloth,2.075,5.452
5.731,least_concern,62.434,two_toed,Hoffmans two-toed sloth,3.526,5.373
8.453,least_concern,60.962,three_toed,Brown-throated sloth,6.75,5.434
8.18,vulnerable,64.87,three_toed,Maned three-toed sloth,6.055,5.227
7.076,least_concern,49.276,three_toed,Pale-throated sloth,5.612,6.35
4.735,least_concern,61.712,two_toed,Hoffmans two-toed sloth,2.138,6.138
8.118,least_concern,61.736,three_toed,Brown-throated sloth,5.658,5.451
7.068,least_concern,51.746,three_toed,Pale-throated sloth,5.049,5.014
6.672,least_concern,64.459,two_toed,Hoffmans two-toed sloth,3.238,6.877
7.906,vulnerable,63.639,three_toed,Maned three-toed sloth,6.189,5.981
7.753,least_concern,61.944,three_toed,Brown-throated sloth,5.303,2.972
8.151,least_concern,59.909,three_toed,Brown-throated sloth,6.181,4.505
4.85,least_concern,61.954,two_toed,Hoffmans two-toed sloth,2.078,6.378
7.92,vulnerable,63.145,three_toed,Maned three-toed sloth,6.4,6.78
6.336,least_concern,62.831,two_toed,Hoffmans two-toed sloth,3.866,6.672
5.923,least_concern,63.912,two_toed,Hoffmans two-toed sloth,2.001,3.085
8.564,least_concern,60.617,three_toed,Brown-throated sloth,3.816,4.08
10.209,least_concern,65.257,two_toed,Linnaeus two-toed sloth,1.713,7.969
9.073,least_concern,59.734,three_toed,Brown-throated sloth,6.803,4.961
6.246,least_concern,52.758,three_toed,Pale-throated sloth,5.199,4.768
6.877,least_concern,59.572,three_toed,Brown-throated sloth,6.861,4.909
9.075,vulnerable,64.947,three_toed,Maned three-toed sloth,7.812,4.525
4.458,least_concern,62.316,two_toed,Hoffmans two-toed sloth,2.127,5.779
7.113,vulnerable,63.059,three_toed,Maned three-toed sloth,4.411,6.553
8.914,vulnerable,64.757,three_toed,Maned three-toed sloth,4.681,7.601
7.079,vulnerable,63.497,three_toed,Maned three-toed sloth,3.971,4.945
7.547,least_concern,62.51,three_toed,Brown-throated sloth,5.347,3.922
4.843,least_concern,62.762,two_toed,Hoffmans two-toed sloth,2.156,6.247
5.335,least_concern,61.773,two_toed,Hoffmans two-toed sloth,2.827,3.962
8.653,least_concern,61.528,three_toed,Brown-throated sloth,5.97,3.82
6.723,least_concern,60.181,three_toed,Brown-throated sloth,5.393,5.159
5.156,least_concern,64.562,two_toed,Hoffmans two-toed sloth,2.037,5.149
6.477,least_concern,63.86,two_toed,Hoffmans two-toed sloth,1.43,5.771
7.676,vulnerable,62.983,three_toed,Maned three-toed sloth,5.04,4.426
5.92,least_concern,63.558,two_toed,Hoffmans two-toed sloth,2.975,7.676
8.247,least_concern,60.616,three_toed,Brown-throated sloth,4.528,4.579
8.264,vulnerable,64.423,three_toed,Maned three-toed sloth,4.654,5.668
7.385,least_concern,49.567,three_toed,Pale-throated sloth,4.806,2.978
6.998,least_concern,49.415,three_toed,Pale-throated sloth,4.502,5.341
7.645,least_concern,59.36,three_toed,Brown-throated sloth,6.635,4.744
7.507,least_concern,50.618,three_toed,Pale-throated sloth,4.615,6.224
10.356,least_concern,61.823,three_toed,Brown-throated sloth,5.053,3.03
5.342,least_concern,63.655,two_toed,Hoffmans two-toed sloth,2.049,5.819
6.251,least_concern,63.219,two_toed,Hoffmans two-toed sloth,3.077,4.218
6.222,least_concern,60.773,three_toed,Brown-throated sloth,7.073,5.985
7.876,least_concern,48.991,three_toed,Pale-throated sloth,3.241,6.442
6.146,least_concern,63.922,two_toed,Hoffmans two-toed sloth,4.168,5.164
6.706,least_concern,49.771,three_toed,Pale-throated sloth,3.071,2.913
5.679,least_concern,59.091,three_toed,Brown-throated sloth,6.023,5.487
5.379,least_concern,64.29,two_toed,Hoffmans two-toed sloth,1.83,4.678
8.619,least_concern,52.227,three_toed,Pale-throated sloth,2.836,6.162
9.073,least_concern,50.518,three_toed,Pale-throated sloth,6.299,3.491
7.632,least_concern,48.828,three_toed,Pale-throated sloth,5.101,2.356
6.199,least_concern,61.255,three_toed,Brown-throated sloth,5.707,4.335
3.7,least_concern,63.065,two_toed,Hoffmans two-toed sloth,4.016,4.974
9.312,least_concern,59.369,three_toed,Brown-throated sloth,6.015,3.825
6.721,least_concern,64.064,two_toed,Hoffmans two-toed sloth,2.637,4.977
8.379,least_concern,48.738,three_toed,Pale-throated sloth,4.042,3.903
6.322,least_concern,51.036,three_toed,Pale-throated sloth,4.965,4.183
7.588,least_concern,51.863,three_toed,Pale-throated sloth,4.149,3.945
8.655,least_concern,66.64,two_toed,Linnaeus two-toed sloth,1.561,7.573
9.855,least_concern,51.121,three_toed,Pale-throated sloth,5.573,5.834
7.445,least_concern,49.45,three_toed,Pale-throated sloth,6.06,3.577
6.715,least_concern,59.32,three_toed,Brown-throated sloth,6.291,5.383
6.163,least_concern,50.779,three_toed,Pale-throated sloth,3.335,4.585
6.113,least_concern,62.381,three_toed,Brown-throated sloth,7.252,5.033
8.497,vulnerable,64.121,three_toed,Maned three-toed sloth,4.184,7.092
6.414,least_concern,50.665,three_toed,Pale-throated sloth,6.739,5.015
7.427,least_concern,51.08,three_toed,Pale-throated sloth,4.654,3.169
5.702,least_concern,49.413,three_toed,Pale-throated sloth,5.829,5.404
4.358,least_concern,62.312,two_toed,Hoffmans two-toed sloth,3.658,5.471
5.455,least_concern,62.788,two_toed,Hoffmans two-toed sloth,2.179,5.131
5.796,least_concern,64.393,two_toed,Hoffmans two-toed sloth,1.84,6.382
6.445,least_concern,60.66,three_toed,Brown-throated sloth,6.678,6.067
9.682,least_concern,61,three_toed,Brown-throated sloth,5.382,4.374
4.171,least_concern,62.876,two_toed,Hoffmans two-toed sloth,1.848,5.532
5.965,least_concern,63.824,two_toed,Hoffmans two-toed sloth,3.528,5.023
8.791,least_concern,61.253,three_toed,Brown-throated sloth,5.086,4.023
5.949,least_concern,59.556,three_toed,Brown-throated sloth,4.409,4.225
8.857,vulnerable,64.526,three_toed,Maned three-toed sloth,6.742,5.847
7.758,least_concern,59.912,three_toed,Brown-throated sloth,4.153,3.038
8.171,least_concern,50.719,three_toed,Pale-throated sloth,4.493,4.633
6.866,least_concern,50.166,three_toed,Pale-throated sloth,4.817,4.065
7.594,least_concern,61.318,three_toed,Brown-throated sloth,6.003,3.775
8.134,least_concern,60.383,three_toed,Brown-throated sloth,4.788,4.941
7.743,least_concern,63.707,two_toed,Hoffmans two-toed sloth,2.385,5.151
8.068,least_concern,62.716,two_toed,Hoffmans two-toed sloth,3.412,4.361
6.517,least_concern,50.964,three_toed,Pale-throated sloth,4.592,4.274
6.689,least_concern,63.584,two_toed,Hoffmans two-toed sloth,3.307,5.928
6.249,vulnerable,62.934,three_toed,Maned three-toed sloth,4.254,6.236
8.406,least_concern,48.915,three_toed,Pale-throated sloth,7.617,5.058
8.3,least_concern,50.375,three_toed,Pale-throated sloth,4.293,5.165
4.764,least_concern,62.417,two_toed,Hoffmans two-toed sloth,1.69,5.161
10.327,least_concern,65.996,two_toed,Linnaeus two-toed sloth,2.014,4.915
4.223,least_concern,62.245,two_toed,Hoffmans two-toed sloth,1.866,5.699
4.304,least_concern,63.577,two_toed,Hoffmans two-toed sloth,3.349,5.244
6.991,least_concern,50.495,three_toed,Pale-throated sloth,5.901,4.632
8.435,least_concern,63.497,three_toed,Brown-throated sloth,5.084,3.958
6.369,vulnerable,63.83,three_toed,Maned three-toed sloth,4.088,5.308
8.827,least_concern,48.214,three_toed,Pale-throated sloth,3.594,5.19
6.542,least_concern,50.863,three_toed,Pale-throated sloth,3.301,5.591
7.033,least_concern,50.552,three_toed,Pale-throated sloth,5.206,5.356
7.141,least_concern,62.705,two_toed,Hoffmans two-toed sloth,2.921,3.942
8.129,vulnerable,64.019,three_toed,Maned three-toed sloth,4.641,6.615
6.496,least_concern,62.364,two_toed,Hoffmans two-toed sloth,2.731,6.544
5.699,least_concern,61.703,two_toed,Hoffmans two-toed sloth,3.549,5.527
6.526,least_concern,59.924,three_toed,Brown-throated sloth,5.656,4.799
7.144,vulnerable,64.116,three_toed,Maned three-toed sloth,3.936,4.371
7.788,least_concern,67.183,two_toed,Linnaeus two-toed sloth,1.865,7.835
5.991,least_concern,63.497,two_toed,Hoffmans two-toed sloth,2.437,4.977
7.939,least_concern,48.522,three_toed,Pale-throated sloth,4.509,4.821
8.289,vulnerable,63.384,three_toed,Maned three-toed sloth,5.021,4.34
7.325,least_concern,60.732,three_toed,Brown-throated sloth,5.003,4.092
6.544,least_concern,60.367,three_toed,Brown-throated sloth,4.881,3.259
7.851,least_concern,50.371,three_toed,Pale-throated sloth,6.065,4.641
7.871,vulnerable,65.494,three_toed,Maned three-toed sloth,5.609,3.711
7.788,least_concern,60.046,three_toed,Brown-throated sloth,5.851,4.47
6.499,least_concern,61.35,three_toed,Brown-throated sloth,7.378,4.198
6.368,least_concern,48.698,three_toed,Pale-throated sloth,4.882,5.139
7.755,least_concern,50.952,three_toed,Pale-throated sloth,6.584,4.125
4.509,least_concern,63.649,two_toed,Hoffmans two-toed sloth,2.219,4.443
8.792,least_concern,51.397,three_toed,Pale-throated sloth,4.903,4.912
5.785,least_concern,50.179,three_toed,Pale-throated sloth,5.373,5.33
8.372,critically_endangered,51.097,three_toed,Pygmy three-toed sloth,4.803,2.837
5.951,least_concern,52.399,three_toed,Pale-throated sloth,5.532,4.948
7.628,least_concern,61.505,three_toed,Brown-throated sloth,6.324,3.954
8.374,least_concern,50.19,three_toed,Pale-throated sloth,5.537,4.997
5.859,least_concern,65.888,two_toed,Hoffmans two-toed sloth,3.399,5.039
6.126,least_concern,49.195,three_toed,Pale-throated sloth,5.975,5.634
4.079,least_concern,62.57,two_toed,Hoffmans two-toed sloth,1.686,5.446
4.737,least_concern,64.086,two_toed,Hoffmans two-toed sloth,2.043,6.433
5.693,vulnerable,62.684,three_toed,Maned three-toed sloth,4.545,6.648
6.623,least_concern,62.458,three_toed,Brown-throated sloth,5.965,2.754
8.38,vulnerable,63.395,three_toed,Maned three-toed sloth,5.392,6.264
7.625,least_concern,63.08,three_toed,Brown-throated sloth,5.364,3.328
7.483,vulnerable,63.974,three_toed,Maned three-toed sloth,5.24,6.594
8.112,critically_endangered,49.317,three_toed,Pygmy three-toed sloth,5.457,2.664
7.403,least_concern,59.918,three_toed,Brown-throated sloth,6.621,4.329
9.071,least_concern,60.626,three_toed,Brown-throated sloth,5.599,4.435
4.159,least_concern,65.055,two_toed,Hoffmans two-toed sloth,3.689,6.562
8.081,least_concern,61.03,two_toed,Hoffmans two-toed sloth,2.799,5.536
9.378,critically_endangered,50.913,three_toed,Pygmy three-toed sloth,6.37,4.569
7.263,least_concern,61.836,three_toed,Brown-throated sloth,4.8,4.187
6.982,least_concern,61.233,three_toed,Brown-throated sloth,5.571,4.587
9.991,least_concern,60.03,three_toed,Brown-throated sloth,6.141,3.062
5.64,least_concern,49.867,three_toed,Pale-throated sloth,3.966,3.932
8.616,least_concern,50.394,three_toed,Pale-throated sloth,4.83,4.566
9.625,least_concern,60.794,three_toed,Brown-throated sloth,6.466,5.042
7.886,least_concern,49.192,three_toed,Pale-throated sloth,3.969,5.53
6.216,least_concern,63.551,two_toed,Hoffmans two-toed sloth,1.746,4.268
7.506,least_concern,60.74,three_toed,Brown-throated sloth,5.082,2.679
9.118,least_concern,51.046,three_toed,Pale-throated sloth,4.093,3.389
7.727,least_concern,49.628,three_toed,Pale-throated sloth,3.86,3.354
8.435,least_concern,62.136,three_toed,Brown-throated sloth,6.548,5.195
3.875,least_concern,61.802,two_toed,Hoffmans two-toed sloth,2.395,6.505
6.201,least_concern,62.691,two_toed,Hoffmans two-toed sloth,3.092,5.234
8.703,least_concern,49.875,three_toed,Pale-throated sloth,5.286,3.782
7.946,vulnerable,63.902,three_toed,Maned three-toed sloth,5.276,7.264
9.702,least_concern,49.654,three_toed,Pale-throated sloth,5.838,4.046
6.649,least_concern,62.541,two_toed,Hoffmans two-toed sloth,2.44,5.331
7.22,least_concern,51.893,three_toed,Pale-throated sloth,3.601,4.794
7.077,vulnerable,64.353,three_toed,Maned three-toed sloth,4.203,7.278
7.024,least_concern,62.478,three_toed,Brown-throated sloth,4.339,5.744
6.362,least_concern,60.616,three_toed,Brown-throated sloth,5.26,5.308
6.63,least_concern,50.966,three_toed,Pale-throated sloth,4.724,4.454
8.171,least_concern,49.208,three_toed,Pale-throated sloth,4.81,4.424
6.749,vulnerable,63.106,three_toed,Maned three-toed sloth,3.416,5.829
8.134,least_concern,61.463,three_toed,Brown-throated sloth,5.877,5.7
6.474,least_concern,62.69,two_toed,Hoffmans two-toed sloth,1.945,5.788
7.539,vulnerable,64.871,three_toed,Maned three-toed sloth,4.196,6.399
8.154,vulnerable,63.618,three_toed,Maned three-toed sloth,2.526,6.185
7.98,vulnerable,62.666,three_toed,Maned three-toed sloth,6.315,5.133
6.049,least_concern,62.544,two_toed,Hoffmans two-toed sloth,2.422,6.486
7.657,least_concern,63.739,two_toed,Hoffmans two-toed sloth,2.031,4.433
7.045,vulnerable,62.952,three_toed,Maned three-toed sloth,5.412,3.441
7.175,least_concern,50.015,three_toed,Pale-throated sloth,5.908,3.087
7.098,vulnerable,61.599,three_toed,Maned three-toed sloth,5.114,5.93
5.66,least_concern,62.959,two_toed,Hoffmans two-toed sloth,2.128,5.549
7.906,least_concern,50.238,three_toed,Pale-throated sloth,4.708,5.693
6.003,least_concern,59.192,three_toed,Brown-throated sloth,3.156,4.335
5.938,least_concern,61.953,two_toed,Hoffmans two-toed sloth,1.96,4.624
7.547,vulnerable,65.58,three_toed,Maned three-toed sloth,4.405,6.212
5.898,vulnerable,62.54,three_toed,Maned three-toed sloth,4.809,5.938
7.642,least_concern,61.405,two_toed,Hoffmans two-toed sloth,3.011,5.595
5.702,least_concern,64.869,two_toed,Hoffmans two-toed sloth,2.942,5.559
7.124,least_concern,50.323,three_toed,Pale-throated sloth,4.917,3.7
5.604,least_concern,64.233,two_toed,Hoffmans two-toed sloth,2.687,5.723
9.126,least_concern,65.51,two_toed,Linnaeus two-toed sloth,1.718,6.597
6.299,least_concern,63.032,two_toed,Hoffmans two-toed sloth,1.986,4.537
7.177,least_concern,62.062,three_toed,Brown-throated sloth,6.293,3.445
8.274,least_concern,66.504,two_toed,Linnaeus two-toed sloth,1.525,8.207
6.797,least_concern,51.399,three_toed,Pale-throated sloth,5.393,3.282
5.254,least_concern,61.918,two_toed,Hoffmans two-toed sloth,3.009,4.487
8.302,least_concern,62.31,three_toed,Brown-throated sloth,5.976,3.592
5.559,least_concern,62.716,two_toed,Hoffmans two-toed sloth,2.101,4.734
7.801,least_concern,49.031,three_toed,Pale-throated sloth,4.352,4.343
6.87,least_concern,63.391,two_toed,Hoffmans two-toed sloth,1.755,6.364
4.953,vulnerable,62.571,three_toed,Maned three-toed sloth,4.681,6.14
7.597,least_concern,51.101,three_toed,Pale-throated sloth,5.628,4.946
8.891,least_concern,60.72,three_toed,Brown-throated sloth,5.547,5.823
8.274,least_concern,62.427,three_toed,Brown-throated sloth,4.721,3.716
6.641,least_concern,61.734,two_toed,Hoffmans two-toed sloth,2.994,6.587
9.685,least_concern,59.15,three_toed,Brown-throated sloth,4.832,2.254
7.569,least_concern,51.55,three_toed,Pale-throated sloth,4.116,5.205
6.217,least_concern,50.666,three_toed,Pale-throated sloth,5.743,6.01
7.323,least_concern,60.137,three_toed,Brown-throated sloth,4.563,4.182
4.689,least_concern,64.691,two_toed,Hoffmans two-toed sloth,1.68,6.559
9.122,vulnerable,63.822,three_toed,Maned three-toed sloth,3.203,6.349
6.679,least_concern,61.228,three_toed,Brown-throated sloth,4.331,4.872
6.383,least_concern,63.803,two_toed,Hoffmans two-toed sloth,1.595,4.946
6.882,least_concern,61.812,three_toed,Brown-throated sloth,5.35,4.346
6.873,least_concern,61.607,two_toed,Hoffmans two-toed sloth,3.913,5.402
7.245,least_concern,49.3,three_toed,Pale-throated sloth,5.216,3.965
4.67,least_concern,64.15,two_toed,Hoffmans two-toed sloth,2.219,5.65
4.626,least_concern,62.043,two_toed,Hoffmans two-toed sloth,1.74,5.77
7.144,least_concern,60.358,three_toed,Brown-throated sloth,7.071,5.263
3.86,least_concern,62.843,two_toed,Hoffmans two-toed sloth,1.662,4.465
7.651,least_concern,59.085,three_toed,Brown-throated sloth,6.108,5.006
5.569,least_concern,61.353,two_toed,Hoffmans two-toed sloth,3.528,5.447
7.566,least_concern,62.78,three_toed,Brown-throated sloth,7.236,4.607
6.582,least_concern,60.938,three_toed,Brown-throated sloth,7.152,5.718
8.975,least_concern,67.149,two_toed,Linnaeus two-toed sloth,1.443,5.799
6.119,least_concern,62.091,two_toed,Hoffmans two-toed sloth,3.098,5.45
7.892,least_concern,62.676,three_toed,Brown-throated sloth,5.72,3.617
7.797,least_concern,50.461,three_toed,Pale-throated sloth,4.79,5.183
5.398,least_concern,63.372,two_toed,Hoffmans two-toed sloth,3.72,5.657
5.133,least_concern,63.888,two_toed,Hoffmans two-toed sloth,3.482,5.115
4.718,least_concern,65.738,two_toed,Hoffmans two-toed sloth,2.423,4.866
7.213,vulnerable,62.6,three_toed,Maned three-toed sloth,5.874,7.646
5.407,least_concern,63.23,two_toed,Hoffmans two-toed sloth,1.417,7.595
8.943,least_concern,48.647,three_toed,Pale-throated sloth,5.154,3.712
7.584,least_concern,61.472,three_toed,Brown-throated sloth,6.68,5.187
7.517,least_concern,60.203,three_toed,Brown-throated sloth,5.365,3.154
8.506,least_concern,62.028,three_toed,Brown-throated sloth,6.043,4.117
7.297,vulnerable,63.194,three_toed,Maned three-toed sloth,5.059,5.772
8.14,least_concern,59.322,three_toed,Brown-throated sloth,8.217,5.312
9.268,least_concern,49.823,three_toed,Pale-throated sloth,6.147,4.704
7.926,least_concern,50.336,three_toed,Pale-throated sloth,5.555,5.27
6.309,least_concern,63.419,two_toed,Hoffmans two-toed sloth,2.285,4.669
6.653,least_concern,47.984,three_toed,Pale-throated sloth,4.794,3.08
6.641,least_concern,61.565,three_toed,Brown-throated sloth,5.98,5.492
5.629,least_concern,64.624,two_toed,Hoffmans two-toed sloth,4.589,5.956
6.842,least_concern,63.085,two_toed,Hoffmans two-toed sloth,2.324,4.431
9.059,least_concern,50.047,three_toed,Pale-throated sloth,5.32,4.269
6.727,least_concern,51.328,three_toed,Pale-throated sloth,6.588,5.511
9.555,least_concern,61.791,three_toed,Brown-throated sloth,4.283,5.382
9.067,least_concern,59.849,three_toed,Brown-throated sloth,5.088,5.001
7.79,least_concern,60.202,three_toed,Brown-throated sloth,6.861,4.619
7.284,least_concern,47.19,three_toed,Pale-throated sloth,4.925,3.016
6.039,least_concern,62.145,three_toed,Brown-throated sloth,6.228,2.095
9.057,least_concern,61.571,three_toed,Brown-throated sloth,5.724,3.268
7.995,least_concern,62.01,three_toed,Brown-throated sloth,5.836,4.588
9.411,vulnerable,62.424,three_toed,Maned three-toed sloth,5.877,4.455
8.659,least_concern,60.153,three_toed,Brown-throated sloth,4.935,4.556
7.664,least_concern,59.567,three_toed,Brown-throated sloth,3.538,4.316
6.268,least_concern,50.153,three_toed,Pale-throated sloth,5.347,3.527
6.4,vulnerable,65.015,three_toed,Maned three-toed sloth,6.268,5.977
7.298,least_concern,49.678,three_toed,Pale-throated sloth,3.458,5.31
8.214,least_concern,60.91,three_toed,Brown-throated sloth,4.163,3.905
6.418,least_concern,50.962,three_toed,Pale-throated sloth,5.259,3.414
7.254,vulnerable,64.543,three_toed,Maned three-toed sloth,4.222,5.434
8.307,vulnerable,63.43,three_toed,Maned three-toed sloth,5.897,4.254
7.651,vulnerable,64.602,three_toed,Maned three-toed sloth,4.144,5.581
9.39,least_concern,60.562,three_toed,Brown-throated sloth,5.784,3.352
5.9,least_concern,48.382,three_toed,Pale-throated sloth,5.391,5.547
6.041,least_concern,50.438,three_toed,Pale-throated sloth,4.375,4.306
5.984,least_concern,63.486,two_toed,Hoffmans two-toed sloth,2.336,6.337
8.834,least_concern,51.36,three_toed,Pale-throated sloth,5.006,3.049
8.818,least_concern,49.634,three_toed,Pale-throated sloth,5.33,4.237
8.469,least_concern,60.345,three_toed,Brown-throated sloth,4.639,5.159
7.608,least_concern,67.173,two_toed,Linnaeus two-toed sloth,2.181,5.243
7.344,least_concern,51.27,three_toed,Pale-throated sloth,4.982,5.3
7.582,least_concern,50.146,three_toed,Pale-throated sloth,7.606,7.629
9.7,least_concern,64.967,two_toed,Linnaeus two-toed sloth,1.475,6.868
8.004,least_concern,61.36,three_toed,Brown-throated sloth,6.06,3.996
6.464,least_concern,60.843,three_toed,Brown-throated sloth,4.652,4.674
8.64,least_concern,60.609,three_toed,Brown-throated sloth,5.881,4.519
5.462,vulnerable,62.918,three_toed,Maned three-toed sloth,3.295,5.831
7.201,vulnerable,62.548,three_toed,Maned three-toed sloth,3.975,4.72
5.617,least_concern,61.211,two_toed,Hoffmans two-toed sloth,1.736,4.876
6.8,vulnerable,63.232,three_toed,Maned three-toed sloth,4.807,5.455
7.334,least_concern,49.926,three_toed,Pale-throated sloth,4.722,4.177
7.399,least_concern,60.814,three_toed,Brown-throated sloth,4.864,5.112
6.057,least_concern,63.93,two_toed,Hoffmans two-toed sloth,2.135,7.052
6.401,least_concern,63.365,two_toed,Hoffmans two-toed sloth,1.876,5.224
7.405,least_concern,60.42,three_toed,Brown-throated sloth,3.205,4.45
7.15,least_concern,62.434,three_toed,Brown-throated sloth,6.548,5.823
5.788,least_concern,60.964,three_toed,Brown-throated sloth,6.478,3.029
5.775,least_concern,62.621,two_toed,Hoffmans two-toed sloth,2.486,5.967
6.807,vulnerable,63.262,three_toed,Maned three-toed sloth,4.576,5.75
7.864,vulnerable,63.248,three_toed,Maned three-toed sloth,5.351,3.868
8.036,least_concern,65.196,two_toed,Linnaeus two-toed sloth,1.892,5.801
7.419,vulnerable,62.912,three_toed,Maned three-toed sloth,3.351,6.955
7.943,least_concern,62.032,three_toed,Brown-throated sloth,4.635,3.723
8.146,least_concern,61.226,three_toed,Brown-throated sloth,5.037,3.036
7.292,least_concern,49.677,three_toed,Pale-throated sloth,4.784,7.667
8.915,least_concern,51.006,three_toed,Pale-throated sloth,4.897,4.712
7.434,least_concern,62.991,two_toed,Hoffmans two-toed sloth,1.791,7.166
5.06,least_concern,62.856,two_toed,Hoffmans two-toed sloth,1.944,5.208
6.807,least_concern,60.583,three_toed,Brown-throated sloth,5.452,3.406
7.753,least_concern,51.316,three_toed,Pale-throated sloth,4.57,3.873
7.542,least_concern,61.216,three_toed,Brown-throated sloth,4.805,4.739
7.321,least_concern,51.083,three_toed,Pale-throated sloth,7.523,4.84
5.872,least_concern,49.238,three_toed,Pale-throated sloth,4.804,3.725
6.185,least_concern,62.514,two_toed,Hoffmans two-toed sloth,3.416,6.751
7.151,least_concern,47.823,three_toed,Pale-throated sloth,6.564,4.729
8.149,least_concern,61.893,three_toed,Brown-throated sloth,5.738,4.804
5.742,least_concern,61.383,two_toed,Hoffmans two-toed sloth,2.479,6.328
7.399,vulnerable,63.836,three_toed,Maned three-toed sloth,5.797,6.2
6.869,least_concern,62.702,three_toed,Brown-throated sloth,5.861,5.076
8.277,least_concern,50.937,three_toed,Pale-throated sloth,5.415,4.063
7.364,vulnerable,65.089,three_toed,Maned three-toed sloth,5.079,5.327
8.897,least_concern,49.579,three_toed,Pale-throated sloth,5.004,3.454
5.419,least_concern,62.556,two_toed,Hoffmans two-toed sloth,2.419,5.314
6.974,least_concern,51.187,three_toed,Pale-throated sloth,5.602,6.613
6.734,least_concern,60.777,three_toed,Brown-throated sloth,5.003,2.939
8.105,least_concern,51.065,three_toed,Pale-throated sloth,3.396,4.512
7.19,least_concern,50.092,three_toed,Pale-throated sloth,5.258,6.108
7.488,least_concern,50.452,three_toed,Pale-throated sloth,5.199,5.714
7.05,least_concern,62.014,three_toed,Brown-throated sloth,5.868,4.776
7.636,least_concern,49.203,three_toed,Pale-throated sloth,3.855,2.196
7.564,least_concern,51.271,three_toed,Pale-throated sloth,4.85,5.067
6.443,least_concern,62.503,two_toed,Hoffmans two-toed sloth,1.999,5.732
6.784,least_concern,60.442,three_toed,Brown-throated sloth,6.579,1.6
6.785,vulnerable,63.306,three_toed,Maned three-toed sloth,3.868,3.388
4.027,least_concern,62.076,two_toed,Hoffmans two-toed sloth,1.778,5.759
6.614,least_concern,62.555,three_toed,Brown-throated sloth,5.534,3.813
8.997,least_concern,49.621,three_toed,Pale-throated sloth,4.854,3.328
7.17,vulnerable,61.929,three_toed,Maned three-toed sloth,5.176,5.628
9.265,least_concern,61.583,three_toed,Brown-throated sloth,5.274,4.437
5.033,least_concern,62.162,two_toed,Hoffmans two-toed sloth,3.677,6.352
5.219,least_concern,64.268,two_toed,Hoffmans two-toed sloth,2.896,5.357
6.287,vulnerable,65.616,three_toed,Maned three-toed sloth,3.811,6.772
7.99,least_concern,62.633,three_toed,Brown-throated sloth,6.256,3.424
8.465,critically_endangered,51.984,three_toed,Pygmy three-toed sloth,4.237,3.204
7.159,vulnerable,62.337,three_toed,Maned three-toed sloth,5.087,6.934
7.442,least_concern,61.221,three_toed,Brown-throated sloth,5.768,4.587
5.616,least_concern,65.108,two_toed,Hoffmans two-toed sloth,3.463,5.959
7.992,least_concern,61.211,three_toed,Brown-throated sloth,5.604,3.624
8.826,least_concern,48.108,three_toed,Pale-throated sloth,4.337,1.932
8.414,least_concern,61.298,three_toed,Brown-throated sloth,5.564,3.426
7.347,least_concern,62.306,three_toed,Brown-throated sloth,6.613,4.687
6.627,least_concern,60.445,three_toed,Brown-throated sloth,6.177,5.317
8.561,vulnerable,64.593,three_toed,Maned three-toed sloth,3.687,4.369
7.173,least_concern,51.779,three_toed,Pale-throated sloth,5.014,5.619
5.313,least_concern,61.671,two_toed,Hoffmans two-toed sloth,1.612,4.49
6.381,least_concern,61.549,three_toed,Brown-throated sloth,4.702,4.545
6.571,vulnerable,64.153,three_toed,Maned three-toed sloth,4.259,6.496
7.249,vulnerable,63.532,three_toed,Maned three-toed sloth,2.677,5.347
8.268,least_concern,49.614,three_toed,Pale-throated sloth,4.457,5.046
5.538,least_concern,64.005,two_toed,Hoffmans two-toed sloth,1.523,5.833
8.437,least_concern,63.317,two_toed,Linnaeus two-toed sloth,1.688,7.632
6.677,least_concern,61.217,three_toed,Brown-throated sloth,5.365,2.589
5.359,least_concern,64.254,two_toed,Hoffmans two-toed sloth,4.909,4.683
6.372,least_concern,52.389,three_toed,Pale-throated sloth,5.167,5.606
7.438,least_concern,50.14,three_toed,Pale-throated sloth,4.277,4.899
4.564,least_concern,60.359,two_toed,Hoffmans two-toed sloth,2.122,7.342
9.479,vulnerable,62.626,three_toed,Maned three-toed sloth,5.177,4.987
6.656,least_concern,62.304,two_toed,Hoffmans two-toed sloth,2.92,7.601
7.934,least_concern,63.09,two_toed,Linnaeus two-toed sloth,1.506,6.599
5.102,least_concern,62.095,two_toed,Hoffmans two-toed sloth,1.688,5.792
6.578,least_concern,61.163,two_toed,Hoffmans two-toed sloth,1.848,7.045
4.786,least_concern,62.662,two_toed,Hoffmans two-toed sloth,2.626,4.111
7.557,least_concern,61.346,three_toed,Brown-throated sloth,5.173,3.955
9.524,least_concern,48.851,three_toed,Pale-throated sloth,5.432,4.921
6.181,least_concern,63.25,two_toed,Hoffmans two-toed sloth,1.591,5.997
7.104,least_concern,61.135,three_toed,Brown-throated sloth,6.631,4.045
7.608,least_concern,49.378,three_toed,Pale-throated sloth,3.736,5.386
8.026,least_concern,63.883,two_toed,Linnaeus two-toed sloth,2.126,5.824
7.922,least_concern,49.931,three_toed,Pale-throated sloth,7.763,3.76
4.705,least_concern,62.589,two_toed,Hoffmans two-toed sloth,2.281,5.891
7.216,least_concern,61.089,three_toed,Brown-throated sloth,5.107,4.907
6.985,least_concern,61.708,three_toed,Brown-throated sloth,6.661,5.03
7.213,least_concern,49.675,three_toed,Pale-throated sloth,5.075,3.249
5.977,least_concern,64.621,two_toed,Hoffmans two-toed sloth,3.1,5.336
8.829,critically_endangered,50.425,three_toed,Pygmy three-toed sloth,4.835,1.55
10.511,vulnerable,63.946,three_toed,Maned three-toed sloth,6.559,8.132
8.067,least_concern,51.028,three_toed,Pale-throated sloth,4.157,6.28
7.352,least_concern,60.918,three_toed,Brown-throated sloth,5.555,4.171
6.909,least_concern,62.073,two_toed,Hoffmans two-toed sloth,2.314,7.999
7.001,vulnerable,63.95,three_toed,Maned three-toed sloth,4.135,6.246
7.117,least_concern,63.343,two_toed,Hoffmans two-toed sloth,1.809,6.48
7.225,least_concern,62.806,two_toed,Hoffmans two-toed sloth,2.992,6.096
8.134,least_concern,61.546,three_toed,Brown-throated sloth,4.967,3.156
7.013,least_concern,60.996,three_toed,Brown-throated sloth,6.93,3.883
7.587,critically_endangered,50.877,three_toed,Pygmy three-toed sloth,6.435,3.097
5.783,least_concern,61.714,three_toed,Brown-throated sloth,6.315,3.266
8.941,vulnerable,63.789,three_toed,Maned three-toed sloth,5.25,7.087
8.027,least_concern,49.072,three_toed,Pale-throated sloth,4.322,3.204
7.039,least_concern,49.843,three_toed,Pale-throated sloth,5.896,4.491
7.27,least_concern,63.697,three_toed,Brown-throated sloth,6.531,4.091
6.973,least_concern,49.457,three_toed,Pale-throated sloth,5.503,5.323
6.196,least_concern,63.047,two_toed,Hoffmans two-toed sloth,2.748,5.229
5.517,least_concern,63.141,two_toed,Hoffmans two-toed sloth,3.117,7.019
5.851,least_concern,62.409,two_toed,Hoffmans two-toed sloth,2.61,7.139
6.562,vulnerable,63.397,three_toed,Maned three-toed sloth,4.435,5.807
7.268,critically_endangered,50.54,three_toed,Pygmy three-toed sloth,3.672,3.305
8.728,least_concern,60.392,three_toed,Brown-throated sloth,5.734,2.95
6.063,least_concern,51.251,three_toed,Pale-throated sloth,5.033,5.776
6.997,vulnerable,62.554,three_toed,Maned three-toed sloth,3.773,5.522
6.308,least_concern,62.338,two_toed,Hoffmans two-toed sloth,3.35,6.851
5.294,least_concern,50.337,three_toed,Pale-throated sloth,5.362,4.398
5.884,least_concern,64.192,two_toed,Hoffmans two-toed sloth,2.055,4.131
7.443,least_concern,61.373,three_toed,Brown-throated sloth,4.707,4.711
6.45,least_concern,49.188,three_toed,Pale-throated sloth,5.553,3.726
6.632,least_concern,50.913,three_toed,Pale-throated sloth,4.602,6.153
5.155,least_concern,62.89,two_toed,Hoffmans two-toed sloth,2.155,6.121
4.447,least_concern,60.823,three_toed,Brown-throated sloth,5.649,3.871
5.652,least_concern,63.55,two_toed,Hoffmans two-toed sloth,1.673,6.088
5.545,least_concern,63.966,two_toed,Hoffmans two-toed sloth,1.634,3.665
10.161,least_concern,48.421,three_toed,Pale-throated sloth,4.79,3.397
8.152,least_concern,60.181,three_toed,Brown-throated sloth,5.259,5.143
5.448,least_concern,63.108,two_toed,Hoffmans two-toed sloth,2.78,5.571
7.25,least_concern,61.388,three_toed,Brown-throated sloth,7.181,4.092
7.737,vulnerable,63.078,three_toed,Maned three-toed sloth,4.568,5.746
10.184,least_concern,48.641,three_toed,Pale-throated sloth,4.99,3.959
7.206,least_concern,61.676,three_toed,Brown-throated sloth,6.724,4.866
6.258,least_concern,63.334,two_toed,Hoffmans two-toed sloth,2.204,6.916
8.003,vulnerable,63.146,three_toed,Maned three-toed sloth,3.655,6.49
8.022,least_concern,50.327,three_toed,Pale-throated sloth,4.017,4.549
7.142,least_concern,60.964,three_toed,Brown-throated sloth,6.799,3.829
8.185,vulnerable,61.542,three_toed,Maned three-toed sloth,5.006,6.133
8.154,least_concern,50.899,three_toed,Pale-throated sloth,6.471,5.628
6.399,least_concern,59.47,three_toed,Brown-throated sloth,6.067,4.264
7.114,critically_endangered,50.213,three_toed,Pygmy three-toed sloth,5.428,2.329
7.072,vulnerable,63.023,three_toed,Maned three-toed sloth,6.715,5.324
7.915,least_concern,49.682,three_toed,Pale-throated sloth,5.481,4.341
6.687,least_concern,51.801,three_toed,Pale-throated sloth,5.071,3.162
6.982,vulnerable,62.471,three_toed,Maned three-toed sloth,4.297,6.558
6.966,vulnerable,64.902,three_toed,Maned three-toed sloth,5.003,7.184
6.454,least_concern,49.172,three_toed,Pale-throated sloth,4.434,5.351
7.712,vulnerable,63.229,three_toed,Maned three-toed sloth,5.836,5.667
7.374,least_concern,60.122,three_toed,Brown-throated sloth,4.166,3.133
6.351,vulnerable,63.3,three_toed,Maned three-toed sloth,4.343,6.352
8.5,vulnerable,62.524,three_toed,Maned three-toed sloth,5.003,5.21
6.102,least_concern,63.745,two_toed,Hoffmans two-toed sloth,1.825,5.972
6.397,least_concern,60.388,three_toed,Brown-throated sloth,6.534,5.188
8.582,least_concern,65.917,two_toed,Linnaeus two-toed sloth,1.453,6.578
5.852,least_concern,61.221,three_toed,Brown-throated sloth,4.771,4.406
6.05,least_concern,60.422,three_toed,Brown-throated sloth,7.069,3.975
6.338,least_concern,62.634,two_toed,Hoffmans two-toed sloth,2.661,4.575
5.301,least_concern,64.344,two_toed,Hoffmans two-toed sloth,4.085,6.138
7.49,least_concern,50.731,three_toed,Pale-throated sloth,3.435,3.741
4.577,least_concern,61.849,two_toed,Hoffmans two-toed sloth,3.173,5.255
5.718,vulnerable,65.337,three_toed,Maned three-toed sloth,4.963,6.715
7.422,vulnerable,63.587,three_toed,Maned three-toed sloth,7.141,5.315
5.963,least_concern,63.795,two_toed,Hoffmans two-toed sloth,4.499,5.556
6.946,least_concern,49.878,three_toed,Pale-throated sloth,4.842,3.907
6.572,least_concern,50.197,three_toed,Pale-throated sloth,5.062,2.68
7.898,critically_endangered,49.059,three_toed,Pygmy three-toed sloth,4.292,3.13
6.542,least_concern,60.648,two_toed,Hoffmans two-toed sloth,3.332,5.413
7.266,least_concern,50.201,three_toed,Pale-throated sloth,5.494,6.906
8.386,least_concern,48.086,three_toed,Pale-throated sloth,5.481,3.712
5.919,least_concern,61.401,three_toed,Brown-throated sloth,6.399,4.023
8.251,least_concern,61.952,two_toed,Hoffmans two-toed sloth,3.814,7.061
7.945,least_concern,61.935,two_toed,Hoffmans two-toed sloth,3.261,5.41
6.655,least_concern,50.346,three_toed,Pale-throated sloth,6.245,7.477
7.166,vulnerable,63.461,three_toed,Maned three-toed sloth,5.061,4.978
8.314,vulnerable,64.239,three_toed,Maned three-toed sloth,3.934,6.053
8.308,least_concern,49.454,three_toed,Pale-throated sloth,2.779,3.503
7.399,least_concern,49.622,three_toed,Pale-throated sloth,5.608,3.171
6.445,least_concern,59.01,three_toed,Brown-throated sloth,5.657,4.178
6.14,least_concern,61.415,three_toed,Brown-throated sloth,7.089,5.455
7.692,least_concern,50.774,three_toed,Pale-throated sloth,3.01,6.127
6.305,vulnerable,62.909,three_toed,Maned three-toed sloth,7.107,6.09
6.417,least_concern,61.436,three_toed,Brown-throated sloth,6.092,3.282
8.53,least_concern,61.583,three_toed,Brown-throated sloth,6.77,4.065
6.672,least_concern,60.248,three_toed,Brown-throated sloth,6.955,4.505
8.544,least_concern,61.756,three_toed,Brown-throated sloth,5.082,2.865
7.579,vulnerable,63.101,three_toed,Maned three-toed sloth,4.174,6.875
5.384,least_concern,63.914,two_toed,Hoffmans two-toed sloth,3.286,6.366
7.289,least_concern,61.753,three_toed,Brown-throated sloth,5.621,3.641
8.315,least_concern,50.026,three_toed,Pale-throated sloth,4.895,5.61
6.474,least_concern,62.743,three_toed,Brown-throated sloth,6.577,2.75
7.711,least_concern,61.434,three_toed,Brown-throated sloth,4.803,3.847
6.628,least_concern,64.34,two_toed,Hoffmans two-toed sloth,4.072,5.591
7.942,least_concern,49.723,three_toed,Pale-throated sloth,5.245,5.159
5.799,least_concern,64.169,two_toed,Hoffmans two-toed sloth,2.605,4.457
7.698,least_concern,49.809,three_toed,Pale-throated sloth,4.036,3.44
6.876,least_concern,50.144,three_toed,Pale-throated sloth,4.587,3.712
7.805,least_concern,50.95,three_toed,Pale-throated sloth,6.087,4.001
6.234,least_concern,49.607,three_toed,Pale-throated sloth,5.004,3.577
7.964,least_concern,59.257,three_toed,Brown-throated sloth,7.28,4.628
7.062,least_concern,51.192,three_toed,Pale-throated sloth,5.193,5.03
4.976,least_concern,63.265,two_toed,Hoffmans two-toed sloth,1.942,7.046
8.18,vulnerable,61.834,three_toed,Maned three-toed sloth,5.576,6.441
7.891,vulnerable,64.9,three_toed,Maned three-toed sloth,4.559,5.509
9.219,least_concern,47.38,three_toed,Pale-throated sloth,5.116,3.16
7.727,least_concern,61.984,three_toed,Brown-throated sloth,5.528,5.682
6.771,least_concern,59.362,three_toed,Brown-throated sloth,4.981,3.329
6.957,least_concern,59.818,three_toed,Brown-throated sloth,6.073,4.356
6.177,least_concern,64.23,two_toed,Hoffmans two-toed sloth,2.965,5.821
8.467,vulnerable,63.385,three_toed,Maned three-toed sloth,4.704,6.323
7.744,least_concern,49.526,three_toed,Pale-throated sloth,4.706,6.251
4.958,least_concern,63.01,two_toed,Hoffmans two-toed sloth,3.274,5.009
4.547,least_concern,60.318,three_toed,Brown-throated sloth,5.143,4.329
5.2,least_concern,61.019,two_toed,Hoffmans two-toed sloth,1.465,5.989
6.402,least_concern,63.808,two_toed,Hoffmans two-toed sloth,4.033,5.3
7.673,least_concern,62.342,three_toed,Brown-throated sloth,5.508,5.465
6.497,least_concern,58.676,three_toed,Brown-throated sloth,6.766,4.827
6.685,least_concern,50.116,three_toed,Pale-throated sloth,5.892,5.341
5.856,least_concern,61.703,two_toed,Hoffmans two-toed sloth,2.751,6.678
8.092,least_concern,50.527,three_toed,Pale-throated sloth,2.234,4.833
7.883,least_concern,61.796,three_toed,Brown-throated sloth,5.801,3.815
6.632,least_concern,51.194,three_toed,Pale-throated sloth,6.187,5.995
8.227,least_concern,49.78,three_toed,Pale-throated sloth,5.286,4.453
8.23,least_concern,60.594,three_toed,Brown-throated sloth,7.202,2.919
4.915,least_concern,62.925,two_toed,Hoffmans two-toed sloth,1.718,5.967
10.204,least_concern,66.217,two_toed,Linnaeus two-toed sloth,1.659,7.388
5.433,least_concern,62.589,two_toed,Hoffmans two-toed sloth,2.454,7.616
6.445,least_concern,49.334,three_toed,Pale-throated sloth,4.593,3.587
6.878,vulnerable,65.231,three_toed,Maned three-toed sloth,5.506,4.977
8.707,vulnerable,62.264,three_toed,Maned three-toed sloth,4.842,6.371
7.075,least_concern,50.809,three_toed,Pale-throated sloth,4.749,4.356
6.704,vulnerable,62.882,three_toed,Maned three-toed sloth,4.23,5.938
6.884,least_concern,62.007,three_toed,Brown-throated sloth,6.118,3.937
7.072,least_concern,62.188,three_toed,Brown-throated sloth,6.943,1.812
7.027,least_concern,50.433,three_toed,Pale-throated sloth,3.395,2.991
8.695,least_concern,61.582,three_toed,Brown-throated sloth,4.233,4.45
7.578,least_concern,59.674,three_toed,Brown-throated sloth,5.742,4.251
7.402,least_concern,63.387,two_toed,Hoffmans two-toed sloth,1.747,6.646
8.522,vulnerable,63.937,three_toed,Maned three-toed sloth,4.73,4.675
5.232,least_concern,63.656,two_toed,Hoffmans two-toed sloth,3.066,3.852
8.118,least_concern,49.647,three_toed,Pale-throated sloth,6.218,3.627
7.266,least_concern,61.928,three_toed,Brown-throated sloth,4.064,4.985
6.689,least_concern,50.507,three_toed,Pale-throated sloth,5.958,4.546
6.916,least_concern,62.989,two_toed,Hoffmans two-toed sloth,1.598,5.443
6.105,least_concern,62.985,two_toed,Hoffmans two-toed sloth,2.016,5.955
8.802,least_concern,63.86,two_toed,Linnaeus two-toed sloth,1.61,7.186
8.055,vulnerable,62.183,three_toed,Maned three-toed sloth,4.548,4.784
4.815,least_concern,64.292,two_toed,Hoffmans two-toed sloth,3.938,4.973
8.019,least_concern,60.729,three_toed,Brown-throated sloth,6.163,3.661
5.408,least_concern,63.155,two_toed,Hoffmans two-toed sloth,2.728,4.775
8.429,least_concern,48.941,three_toed,Pale-throated sloth,2.922,2.496
6.297,least_concern,63.03,two_toed,Hoffmans two-toed sloth,2.344,4.591
8.421,least_concern,50.674,three_toed,Pale-throated sloth,5.908,4.155
7.977,least_concern,62.336,three_toed,Brown-throated sloth,5.354,4.437
6.176,least_concern,50.134,three_toed,Pale-throated sloth,3.332,3.54
7.182,least_concern,62.692,two_toed,Hoffmans two-toed sloth,2.886,5.84
5.373,least_concern,63.196,two_toed,Hoffmans two-toed sloth,4.418,5.22
8.458,least_concern,62.51,three_toed,Brown-throated sloth,5.256,3.582
6.018,least_concern,60.749,three_toed,Brown-throated sloth,4.78,4.919
4.768,least_concern,63.889,two_toed,Hoffmans two-toed sloth,1.909,6.618
7.475,vulnerable,62.713,three_toed,Maned three-toed sloth,5.26,5.344
8.759,least_concern,60.964,three_toed,Brown-throated sloth,6.143,4.061
6.902,least_concern,62.973,two_toed,Hoffmans two-toed sloth,2.767,5.43
5.707,least_concern,62.116,two_toed,Hoffmans two-toed sloth,2.18,5.052
8.11,vulnerable,63.708,three_toed,Maned three-toed sloth,5.672,4.297
8.588,least_concern,49.929,three_toed,Pale-throated sloth,5.073,4.415
6.998,least_concern,49.472,three_toed,Pale-throated sloth,6.148,3.837
8.408,least_concern,62.477,three_toed,Brown-throated sloth,6.323,4.45
5.74,least_concern,62.577,two_toed,Hoffmans two-toed sloth,3.056,6.325
9.268,least_concern,66.515,two_toed,Linnaeus two-toed sloth,1.465,6.368
6.99,least_concern,60.561,three_toed,Brown-throated sloth,3.707,3.665
7.238,least_concern,62.837,two_toed,Hoffmans two-toed sloth,1.899,5.765
5.117,least_concern,63.979,two_toed,Hoffmans two-toed sloth,2.72,5.78
5.479,least_concern,63.023,two_toed,Hoffmans two-toed sloth,2.75,4.931
4.384,least_concern,63.17,two_toed,Hoffmans two-toed sloth,3.162,5.077
5.341,least_concern,62.189,two_toed,Hoffmans two-toed sloth,2.137,7.543
7.15,least_concern,49.968,three_toed,Pale-throated sloth,6.082,4.438
4.992,least_concern,63.05,two_toed,Hoffmans two-toed sloth,2.176,5.614
7.747,least_concern,60.427,three_toed,Brown-throated sloth,6.28,4.897
4.733,least_concern,63.101,two_toed,Hoffmans two-toed sloth,2.833,4.408
7.485,least_concern,59.656,three_toed,Brown-throated sloth,4.493,4.049
10.151,least_concern,48.502,three_toed,Pale-throated sloth,4.291,5.788
5.744,least_concern,61.734,two_toed,Hoffmans two-toed sloth,1.93,5.178
7.545,vulnerable,63.488,three_toed,Maned three-toed sloth,4.385,6.129
6.711,least_concern,50.345,three_toed,Pale-throated sloth,5.37,4.489
6.626,least_concern,62.648,three_toed,Brown-throated sloth,5.977,4.747
9.237,least_concern,61.494,three_toed,Brown-throated sloth,5.294,3.489
8.421,least_concern,60.12,three_toed,Brown-throated sloth,6.232,3.299
7.831,least_concern,49.375,three_toed,Pale-throated sloth,5.977,4.657
9.576,least_concern,67.504,two_toed,Linnaeus two-toed sloth,1.46,5.241
6.58,least_concern,61.744,three_toed,Brown-throated sloth,4.798,3.808
5.061,least_concern,61.561,two_toed,Hoffmans two-toed sloth,2.931,5.75
7.306,least_concern,67.066,two_toed,Linnaeus two-toed sloth,1.521,7.335
7.465,least_concern,49.466,three_toed,Pale-throated sloth,4.899,5.427
7.056,vulnerable,65.17,three_toed,Maned three-toed sloth,4.884,4.802
7.195,least_concern,61.915,three_toed,Brown-throated sloth,4.926,4.73
9.979,least_concern,66.607,two_toed,Linnaeus two-toed sloth,2.644,4.842
6.633,least_concern,61.702,three_toed,Brown-throated sloth,6.446,4.171
8.287,least_concern,60.266,three_toed,Brown-throated sloth,4.549,2.799
6.628,least_concern,51.342,three_toed,Pale-throated sloth,4.273,5.853
6.885,least_concern,60.444,three_toed,Brown-throated sloth,6.948,4.244
4.875,least_concern,63.737,two_toed,Hoffmans two-toed sloth,1.922,5.361
7.43,least_concern,63.459,two_toed,Hoffmans two-toed sloth,3.305,5.162
7.624,least_concern,62.45,two_toed,Hoffmans two-toed sloth,1.875,6.1
5.748,least_concern,60.256,three_toed,Brown-throated sloth,4.542,6.225
6.345,least_concern,50.216,three_toed,Pale-throated sloth,4.354,4.57
6.563,least_concern,53.387,three_toed,Pale-throated sloth,5.034,5.737
6.511,vulnerable,63.052,three_toed,Maned three-toed sloth,4.992,6.704
9.294,least_concern,50.387,three_toed,Pale-throated sloth,4.234,4.766
7.333,least_concern,60.31,three_toed,Brown-throated sloth,4.427,4.403
4.232,least_concern,61.884,two_toed,Hoffmans two-toed sloth,3.866,5.705
8.032,least_concern,61.576,two_toed,Hoffmans two-toed sloth,3.669,4.193
5.566,least_concern,62.663,two_toed,Hoffmans two-toed sloth,2.222,6.143
9.154,least_concern,49.685,three_toed,Pale-throated sloth,4.477,6.167
6.063,least_concern,61.389,three_toed,Brown-throated sloth,7.142,4.72
6.892,least_concern,50.401,three_toed,Pale-throated sloth,6.663,4.268
7.544,least_concern,50.788,three_toed,Pale-throated sloth,5.945,4.536
6.586,least_concern,61.751,three_toed,Brown-throated sloth,5.097,5.424
6.144,least_concern,62.513,two_toed,Hoffmans two-toed sloth,2.252,7.442
6.363,least_concern,49.305,three_toed,Pale-throated sloth,3.148,4.989
5.619,least_concern,50.968,three_toed,Pale-throated sloth,5.179,4.81
7.798,least_concern,48.127,three_toed,Pale-throated sloth,5.094,5.253
6.807,least_concern,48.778,three_toed,Pale-throated sloth,4.916,5.28
6.774,least_concern,48.492,three_toed,Pale-throated sloth,3.481,3.666
9.074,least_concern,48.363,three_toed,Pale-throated sloth,4.834,3.975
8.264,least_concern,51.388,three_toed,Pale-throated sloth,6.282,4.688
4.646,least_concern,63.719,two_toed,Hoffmans two-toed sloth,2.494,6.96
6.193,least_concern,61.484,three_toed,Brown-throated sloth,4.479,5.122
10.342,vulnerable,64.229,three_toed,Maned three-toed sloth,6.616,5.605
6.195,least_concern,63.73,two_toed,Hoffmans two-toed sloth,3.213,5.843
7.717,least_concern,62.033,three_toed,Brown-throated sloth,7.432,4.028
6.987,least_concern,63.825,two_toed,Hoffmans two-toed sloth,3.989,6.099
7.321,least_concern,49.899,three_toed,Pale-throated sloth,4.866,6.854
5.043,least_concern,64.143,two_toed,Hoffmans two-toed sloth,1.575,5.977
8.192,vulnerable,63.859,three_toed,Maned three-toed sloth,6.606,5.093
7.562,least_concern,62.628,three_toed,Brown-throated sloth,5.941,3.182
6.514,vulnerable,64.194,three_toed,Maned three-toed sloth,5.8,6.635
6.815,least_concern,49.367,three_toed,Pale-throated sloth,5.122,2.15
5.856,least_concern,49.308,three_toed,Pale-throated sloth,4.884,5.201
6.004,least_concern,61.025,two_toed,Hoffmans two-toed sloth,2.49,6.735
8.547,least_concern,47.744,three_toed,Pale-throated sloth,4.748,3.569
8.562,least_concern,66.621,two_toed,Linnaeus two-toed sloth,2.891,7.213
6.116,least_concern,61.582,three_toed,Brown-throated sloth,7.788,3.21
9.252,least_concern,60.262,three_toed,Brown-throated sloth,5.43,2.831
7.159,least_concern,60.845,three_toed,Brown-throated sloth,6.345,4.117
4.243,least_concern,63.162,two_toed,Hoffmans two-toed sloth,1.62,5.043
5.368,least_concern,62.638,two_toed,Hoffmans two-toed sloth,2.976,6.634
8.065,critically_endangered,51.681,three_toed,Pygmy three-toed sloth,3.646,3.233
4.807,least_concern,63.048,two_toed,Hoffmans two-toed sloth,1.592,4.783
9.542,least_concern,50.08,three_toed,Pale-throated sloth,5.436,4.126
6.679,least_concern,62.373,three_toed,Brown-throated sloth,4.93,3.104
6.457,least_concern,49.628,three_toed,Pale-throated sloth,4.461,4.173
6.572,least_concern,49.808,three_toed,Pale-throated sloth,5.137,2.982
6.412,least_concern,61.881,three_toed,Brown-throated sloth,6.028,2.842
5.655,least_concern,63.771,two_toed,Hoffmans two-toed sloth,3.802,5.157
7.495,least_concern,61.379,three_toed,Brown-throated sloth,5.603,4.739
6.751,least_concern,50.677,three_toed,Pale-throated sloth,4.271,3.921
4.49,least_concern,63.496,two_toed,Hoffmans two-toed sloth,1.595,6.244
8.988,least_concern,65.164,two_toed,Linnaeus two-toed sloth,1.819,5.58
7.5,least_concern,61.515,three_toed,Brown-throated sloth,5.162,4.432
7.387,least_concern,60.343,three_toed,Brown-throated sloth,6.322,4.648
4.109,least_concern,61.868,two_toed,Hoffmans two-toed sloth,3.168,4.745
7.196,vulnerable,63.364,three_toed,Maned three-toed sloth,4.786,4.651
6.637,least_concern,62.016,two_toed,Hoffmans two-toed sloth,3.309,4.947
9.66,least_concern,65.229,two_toed,Linnaeus two-toed sloth,1.894,6.981
7.268,vulnerable,61.703,three_toed,Maned three-toed sloth,4.935,4.902
4.529,least_concern,63.744,two_toed,Hoffmans two-toed sloth,3.191,6.563
6.229,least_concern,64.241,two_toed,Hoffmans two-toed sloth,2.516,5.667
6.835,least_concern,59.61,three_toed,Brown-throated sloth,6.013,3.53
7.589,least_concern,49.876,three_toed,Pale-throated sloth,5.024,5.453
10.214,least_concern,65.536,two_toed,Linnaeus two-toed sloth,2.133,6.787
8.919,vulnerable,61.831,three_toed,Maned three-toed sloth,5.552,5.445
7.797,least_concern,62.232,three_toed,Brown-throated sloth,6.102,0.946
6.619,least_concern,63.414,two_toed,Hoffmans two-toed sloth,3.044,5.594
7.602,least_concern,47.146,three_toed,Pale-throated sloth,5.352,4.666
5.463,least_concern,63.181,two_toed,Hoffmans two-toed sloth,3.14,6.092
8.01,least_concern,60.331,three_toed,Brown-throated sloth,4.945,3.407
5.868,critically_endangered,49,three_toed,Pygmy three-toed sloth,6.386,1.407
9.324,least_concern,67.12,two_toed,Linnaeus two-toed sloth,2.674,9.107
6.642,least_concern,63.389,two_toed,Hoffmans two-toed sloth,2.599,5.77
7.245,least_concern,61.301,three_toed,Brown-throated sloth,6.283,3.949
5.852,least_concern,51.874,three_toed,Pale-throated sloth,3.629,4.579
6.008,least_concern,64.656,two_toed,Hoffmans two-toed sloth,1.522,6.662
7.647,vulnerable,64.693,three_toed,Maned three-toed sloth,5.178,4.762
8.006,least_concern,61.343,three_toed,Brown-throated sloth,5.084,5.754
4.602,least_concern,63.987,two_toed,Hoffmans two-toed sloth,3.233,3.546
7.859,vulnerable,63.999,three_toed,Maned three-toed sloth,5.537,4.86
7.04,vulnerable,62.68,three_toed,Maned three-toed sloth,5.41,5.931
7.802,least_concern,61.728,three_toed,Brown-throated sloth,5.502,3.655
5.724,vulnerable,63.135,three_toed,Maned three-toed sloth,4.628,5.63
7.622,least_concern,50.36,three_toed,Pale-throated sloth,4.064,5.079
6.525,least_concern,49.835,three_toed,Pale-throated sloth,3.59,2.673
7.208,least_concern,59.779,three_toed,Brown-throated sloth,5.696,3.238
5.399,least_concern,62.922,two_toed,Hoffmans two-toed sloth,2.196,4.773
5.165,least_concern,65.452,two_toed,Hoffmans two-toed sloth,3.134,5.071
9.519,least_concern,59.94,three_toed,Brown-throated sloth,6.637,4.351
9.091,least_concern,59.914,three_toed,Brown-throated sloth,6.145,2.147
8.204,least_concern,67.405,two_toed,Linnaeus two-toed sloth,1.487,4.568
9.045,least_concern,48.682,three_toed,Pale-throated sloth,2.359,3.913
7.921,vulnerable,63.351,three_toed,Maned three-toed sloth,4.295,5.994
7.59,least_concern,50.216,three_toed,Pale-throated sloth,4.194,3.69
7.843,least_concern,48.95,three_toed,Pale-throated sloth,4.756,4.84
7.6,vulnerable,62.699,three_toed,Maned three-toed sloth,5.579,7.132
7.666,least_concern,64.253,two_toed,Hoffmans two-toed sloth,4.109,4.92
5.126,least_concern,61.857,two_toed,Hoffmans two-toed sloth,1.988,6.735
7.31,least_concern,60.547,three_toed,Brown-throated sloth,4.97,4.387
5.419,least_concern,50.503,three_toed,Pale-throated sloth,4.075,4.489
6.941,vulnerable,64.108,three_toed,Maned three-toed sloth,6.649,6.355
5.842,vulnerable,62.883,three_toed,Maned three-toed sloth,4.999,6.773
6.654,least_concern,49.698,three_toed,Pale-throated sloth,4.553,3.95
6.576,least_concern,62.14,three_toed,Brown-throated sloth,4.827,3.867
7.38,least_concern,50.858,three_toed,Pale-throated sloth,4.812,4.312
8.215,least_concern,59.548,three_toed,Brown-throated sloth,5.257,5.03
6.962,least_concern,50.727,three_toed,Pale-throated sloth,5.694,5.318
8.806,least_concern,59.394,three_toed,Brown-throated sloth,5.166,4.162
5.669,least_concern,63.98,two_toed,Hoffmans two-toed sloth,1.491,4.764
7.089,least_concern,63.263,two_toed,Hoffmans two-toed sloth,2.663,6.268
8.324,least_concern,48.961,three_toed,Pale-throated sloth,6.307,6.082
3.584,least_concern,63.683,two_toed,Hoffmans two-toed sloth,1.791,6.43
5.69,least_concern,50.194,three_toed,Pale-throated sloth,4.101,6.22
5.473,least_concern,63.022,two_toed,Hoffmans two-toed sloth,2.385,5.38
8.609,critically_endangered,51.726,three_toed,Pygmy three-toed sloth,6.883,1.188
6.41,least_concern,64.277,two_toed,Hoffmans two-toed sloth,3.899,4.167
5.299,least_concern,63.077,two_toed,Hoffmans two-toed sloth,4.872,5.228
8.602,least_concern,65.126,two_toed,Linnaeus two-toed sloth,1.464,5.671
5.911,least_concern,62.779,two_toed,Hoffmans two-toed sloth,2.546,4.041
4.339,least_concern,62.75,two_toed,Hoffmans two-toed sloth,3.213,6.67
5.201,least_concern,49.657,three_toed,Pale-throated sloth,3.698,4.458
6.78,least_concern,61.71,three_toed,Brown-throated sloth,5.632,3.476
6.905,vulnerable,63.459,three_toed,Maned three-toed sloth,4.851,4.836
4.303,least_concern,62.286,two_toed,Hoffmans two-toed sloth,2.027,6.226
7.413,least_concern,64.652,two_toed,Hoffmans two-toed sloth,2.546,6.346
3.825,least_concern,61.664,two_toed,Hoffmans two-toed sloth,2.058,4.72
8.412,least_concern,49.535,three_toed,Pale-throated sloth,2.925,4.983
8.304,vulnerable,63.249,three_toed,Maned three-toed sloth,5.101,6.653
9.771,least_concern,66.456,two_toed,Linnaeus two-toed sloth,1.491,7.898
8.209,least_concern,50.598,three_toed,Pale-throated sloth,4.356,3.677
7.269,least_concern,62.622,two_toed,Hoffmans two-toed sloth,3.031,4.715
8.134,least_concern,50.038,three_toed,Pale-throated sloth,4.584,5.114
8.045,least_concern,59.825,three_toed,Brown-throated sloth,6.524,4.521
8.351,vulnerable,62.249,three_toed,Maned three-toed sloth,4.297,5.652
8.232,least_concern,60.314,three_toed,Brown-throated sloth,5.277,2.954
7.03,vulnerable,63.156,three_toed,Maned three-toed sloth,4.234,6.248
6.876,least_concern,50.097,three_toed,Pale-throated sloth,6.929,4.006
5.008,least_concern,63.187,two_toed,Hoffmans two-toed sloth,3.148,4.862
6.319,least_concern,62.65,three_toed,Brown-throated sloth,5.173,3.334
7.313,critically_endangered,48.703,three_toed,Pygmy three-toed sloth,5.699,2.015
7.114,vulnerable,63.712,three_toed,Maned three-toed sloth,4.15,5.585
5.853,least_concern,51.452,three_toed,Pale-throated sloth,5.736,3.926
7.237,least_concern,49.743,three_toed,Pale-throated sloth,5.35,6.394
5.836,least_concern,59.481,three_toed,Brown-throated sloth,5.172,5.221
8.139,least_concern,49.842,three_toed,Pale-throated sloth,4.522,3.574
7.415,least_concern,63.77,two_toed,Hoffmans two-toed sloth,1.94,5.888
7.159,least_concern,48.469,three_toed,Pale-throated sloth,4.827,4.648
8.153,least_concern,61.051,three_toed,Brown-throated sloth,6.387,5.186
6.671,least_concern,60.936,three_toed,Brown-throated sloth,4.629,2.614
5.777,least_concern,62.247,three_toed,Brown-throated sloth,5.856,3.22
5.15,least_concern,63.197,two_toed,Hoffmans two-toed sloth,2.731,6.342
7.638,least_concern,50.415,three_toed,Pale-throated sloth,4.471,5.893
6.547,least_concern,48.178,three_toed,Pale-throated sloth,6.205,6.054
9.049,least_concern,50.49,three_toed,Pale-throated sloth,5.599,5.241
5.332,least_concern,50.037,three_toed,Pale-throated sloth,4.996,4.601
8.277,vulnerable,63.443,three_toed,Maned three-toed sloth,5.033,7.935
6.541,least_concern,60.621,three_toed,Brown-throated sloth,6.066,5.135
6.549,least_concern,62.656,two_toed,Hoffmans two-toed sloth,1.465,4.479
7.228,vulnerable,62.931,three_toed,Maned three-toed sloth,3.523,5.763
9.312,least_concern,60.659,three_toed,Brown-throated sloth,8.368,4.575
7.519,least_concern,60.367,three_toed,Brown-throated sloth,5.485,5.948
6.999,least_concern,48.47,three_toed,Pale-throated sloth,5.039,2.806
7.231,least_concern,59.543,three_toed,Brown-throated sloth,5.508,5.496
5.872,vulnerable,64.69,three_toed,Maned three-toed sloth,4.964,7.565
8.215,least_concern,49.849,three_toed,Pale-throated sloth,4.763,3.944
9.863,least_concern,66.512,two_toed,Linnaeus two-toed sloth,1.475,5.085
6.033,least_concern,50.435,three_toed,Pale-throated sloth,3.63,3.148
8.121,least_concern,51.714,three_toed,Pale-throated sloth,4.53,4.28
6.835,least_concern,62.87,two_toed,Hoffmans two-toed sloth,3.128,4.849
8.749,least_concern,48.542,three_toed,Pale-throated sloth,3.805,4.263
6.801,least_concern,48.444,three_toed,Pale-throated sloth,4.144,4.955
5.871,least_concern,63.23,two_toed,Hoffmans two-toed sloth,2.244,4.515
6.851,least_concern,62.498,two_toed,Hoffmans two-toed sloth,3.185,6.195
8.868,least_concern,61.974,three_toed,Brown-throated sloth,6.143,4.893
7.129,least_concern,60.989,three_toed,Brown-throated sloth,5.325,2.885
7.728,least_concern,62.311,three_toed,Brown-throated sloth,5.507,4.114
6.992,least_concern,63.17,three_toed,Brown-throated sloth,6.047,4.275
8.366,least_concern,60.496,three_toed,Brown-throated sloth,7.527,4.633
7.34,least_concern,59.545,three_toed,Brown-throated sloth,5.545,5.46
5.699,least_concern,61.169,three_toed,Brown-throated sloth,3.768,3.325
7.653,least_concern,58.596,three_toed,Brown-throated sloth,5.831,3.968
9.28,vulnerable,63.131,three_toed,Maned three-toed sloth,5.159,5.409
7.467,least_concern,60.116,three_toed,Brown-throated sloth,3.918,2.951
5.369,least_concern,64.73,two_toed,Hoffmans two-toed sloth,2.538,4.624
7.779,least_concern,49.493,three_toed,Pale-throated sloth,5.227,5.749
5.901,least_concern,63.103,two_toed,Hoffmans two-toed sloth,1.558,4.99
7.561,least_concern,60.479,three_toed,Brown-throated sloth,6.551,5.331
6.649,least_concern,60.015,three_toed,Brown-throated sloth,7.908,5.13
8.162,vulnerable,64.121,three_toed,Maned three-toed sloth,5.87,5.332
6.511,least_concern,61.2,two_toed,Hoffmans two-toed sloth,3.26,5.9
8.74,least_concern,50.77,three_toed,Pale-throated sloth,5.292,4.683
8.517,least_concern,50.4,three_toed,Pale-throated sloth,6.762,3.195
9.437,least_concern,61.27,three_toed,Brown-throated sloth,7.801,3.447
6.351,least_concern,60.784,two_toed,Hoffmans two-toed sloth,3.348,7.066
7.91,least_concern,49.999,three_toed,Pale-throated sloth,5.085,5.365
7.042,least_concern,52.359,three_toed,Pale-throated sloth,6.983,3.861
7.565,least_concern,60.484,three_toed,Brown-throated sloth,6.226,3.953
8.729,least_concern,48.571,three_toed,Pale-throated sloth,2.949,5.431
5.59,least_concern,60.104,three_toed,Brown-throated sloth,6.775,3.013
7.18,least_concern,50.232,three_toed,Pale-throated sloth,4.423,4.118
8.357,least_concern,50.175,three_toed,Pale-throated sloth,5.51,5.394
8.915,least_concern,65.585,two_toed,Linnaeus two-toed sloth,1.493,7.12
6.975,least_concern,49.589,three_toed,Pale-throated sloth,5.65,5.019
7.111,least_concern,61.293,three_toed,Brown-throated sloth,5.835,5.619
9.622,least_concern,49.419,three_toed,Pale-throated sloth,5.973,5.501
7.09,vulnerable,63.53,three_toed,Maned three-toed sloth,6.137,6.498
8.556,least_concern,64.746,two_toed,Linnaeus two-toed sloth,1.622,6.37
6.442,least_concern,63.086,two_toed,Hoffmans two-toed sloth,2.644,6.212
10.198,least_concern,61.07,three_toed,Brown-throated sloth,7.585,3.037
7.13,vulnerable,64.164,three_toed,Maned three-toed sloth,2.333,6.965
9.02,least_concern,50.105,three_toed,Pale-throated sloth,4.518,4.122
6.43,least_concern,65.006,two_toed,Hoffmans two-toed sloth,3.233,5.138
7.149,least_concern,63.035,three_toed,Brown-throated sloth,6.144,6.487
8.133,least_concern,50.258,three_toed,Pale-throated sloth,5.785,6.544
8.348,least_concern,50.761,three_toed,Pale-throated sloth,6.087,3.201
5.945,vulnerable,62.459,three_toed,Maned three-toed sloth,6.983,5.623
5.512,critically_endangered,50.352,three_toed,Pygmy three-toed sloth,5.65,3.525
5.969,least_concern,65.257,two_toed,Hoffmans two-toed sloth,2.927,5.622
6.439,least_concern,50.162,three_toed,Pale-throated sloth,5.788,4.329
8.296,least_concern,62.172,three_toed,Brown-throated sloth,5.031,4.328
5.716,least_concern,62.409,two_toed,Hoffmans two-toed sloth,4.014,5.647
7.111,least_concern,62.94,three_toed,Brown-throated sloth,6.956,4.571
6.384,least_concern,63.695,two_toed,Hoffmans two-toed sloth,1.424,5.702
6.882,least_concern,61.409,three_toed,Brown-throated sloth,5.705,3.986
6.473,least_concern,61.467,three_toed,Brown-throated sloth,7.374,5.321
7.58,least_concern,60.787,three_toed,Brown-throated sloth,7.188,4.369
8.348,least_concern,65.094,two_toed,Linnaeus two-toed sloth,1.86,7.255
6.082,least_concern,49.112,three_toed,Pale-throated sloth,6.075,4.555
7.919,least_concern,50.22,three_toed,Pale-throated sloth,3.918,4.815
8.221,least_concern,60.003,three_toed,Brown-throated sloth,5.043,4.721
9.819,vulnerable,64.008,three_toed,Maned three-toed sloth,2.712,5.56
7.719,least_concern,60.73,three_toed,Brown-throated sloth,6.858,2.262
8.94,least_concern,66.693,two_toed,Linnaeus two-toed sloth,2.074,6.35
6.416,least_concern,50.135,three_toed,Pale-throated sloth,3.733,4.086
6.371,least_concern,50.548,three_toed,Pale-throated sloth,2.722,4.476
8.164,least_concern,61.97,three_toed,Brown-throated sloth,2.572,4.944
5.178,least_concern,61.555,three_toed,Brown-throated sloth,5.419,4.55
5.919,least_concern,49.421,three_toed,Pale-throated sloth,5.357,3.436
7.029,vulnerable,64.918,three_toed,Maned three-toed sloth,4.855,3.602
6.858,least_concern,61.865,two_toed,Hoffmans two-toed sloth,1.59,4.184
7.704,least_concern,61.642,three_toed,Brown-throated sloth,2.335,3.966
7.843,least_concern,60.264,three_toed,Brown-throated sloth,7.468,4.072
7.948,least_concern,48.721,three_toed,Pale-throated sloth,8.072,4.344
6.448,least_concern,62.471,three_toed,Brown-throated sloth,6.981,4.007
5.876,vulnerable,65.015,three_toed,Maned three-toed sloth,3.224,6.356
6.347,least_concern,62.075,three_toed,Brown-throated sloth,5.265,4.431
6.981,critically_endangered,51.205,three_toed,Pygmy three-toed sloth,6.137,2.349
6.285,least_concern,62.93,two_toed,Hoffmans two-toed sloth,1.576,6.547
7.853,least_concern,51.203,three_toed,Pale-throated sloth,5.706,5.272
6.515,least_concern,60.107,three_toed,Brown-throated sloth,4.196,3.741
8.328,vulnerable,65.036,three_toed,Maned three-toed sloth,3.497,4.018
7.014,least_concern,60.254,three_toed,Brown-throated sloth,2.694,3.978
8.42,least_concern,50.411,three_toed,Pale-throated sloth,5.023,4.928
10.39,least_concern,47.538,three_toed,Pale-throated sloth,5.479,3.811
7.395,least_concern,63.68,two_toed,Hoffmans two-toed sloth,3.063,4.292
7.107,least_concern,59.507,three_toed,Brown-throated sloth,5.989,3.778
8.041,vulnerable,65.159,three_toed,Maned three-toed sloth,3.643,5.709
8.315,least_concern,50.506,three_toed,Pale-throated sloth,4.199,3.539
6.228,least_concern,62.818,two_toed,Hoffmans two-toed sloth,2.533,6.163
5.614,least_concern,62.037,two_toed,Hoffmans two-toed sloth,2.134,5.786
6.802,least_concern,50.662,three_toed,Pale-throated sloth,4.879,4.75
6.781,least_concern,63.466,two_toed,Hoffmans two-toed sloth,2.331,5.518
10.092,least_concern,49.555,three_toed,Pale-throated sloth,4.877,3.878
9.603,least_concern,50.252,three_toed,Pale-throated sloth,2.955,6.079
5.66,least_concern,62.632,two_toed,Hoffmans two-toed sloth,2.215,5.836
7.629,least_concern,65.326,two_toed,Linnaeus two-toed sloth,1.604,4.352
9.263,vulnerable,62.408,three_toed,Maned three-toed sloth,5.778,4.286
6.54,least_concern,49.589,three_toed,Pale-throated sloth,4.945,5.701
4.982,least_concern,63.629,two_toed,Hoffmans two-toed sloth,3.437,5.977
7.209,least_concern,59.541,three_toed,Brown-throated sloth,7.326,5.378
5.693,least_concern,63.933,two_toed,Hoffmans two-toed sloth,3.991,5.908
8.079,least_concern,49.381,three_toed,Pale-throated sloth,3.909,4.761
6.095,vulnerable,61.782,three_toed,Maned three-toed sloth,4.399,5.658
7.532,least_concern,60.023,three_toed,Brown-throated sloth,6.027,4.946
7.475,least_concern,50.231,three_toed,Pale-throated sloth,4.833,5.467
4.038,least_concern,62.586,two_toed,Hoffmans two-toed sloth,3.326,3.881
6.529,vulnerable,62.786,three_toed,Maned three-toed sloth,3.414,5.286
7.79,vulnerable,62.203,three_toed,Maned three-toed sloth,3.814,3.981
5.813,least_concern,61.843,two_toed,Hoffmans two-toed sloth,2.76,5.747
6.293,least_concern,61.496,two_toed,Hoffmans two-toed sloth,4.133,5.11
7.653,least_concern,63.066,two_toed,Hoffmans two-toed sloth,1.982,4.151
6.043,least_concern,63.261,two_toed,Hoffmans two-toed sloth,3.171,4.527
6.279,least_concern,61.668,three_toed,Brown-throated sloth,4.386,4.108
7.511,least_concern,49.463,three_toed,Pale-throated sloth,5.608,3.468
7.887,vulnerable,63.452,three_toed,Maned three-toed sloth,4.724,6.525
7.132,vulnerable,63.713,three_toed,Maned three-toed sloth,4.866,6.639
6.051,least_concern,59.314,three_toed,Brown-throated sloth,5.584,3.877
4.766,least_concern,63.946,two_toed,Hoffmans two-toed sloth,2.839,6.312
6.644,least_concern,60.903,three_toed,Brown-throated sloth,5.233,5.838
7.117,least_concern,49.894,three_toed,Pale-throated sloth,3.999,4.652
7.642,vulnerable,61.896,three_toed,Maned three-toed sloth,4.679,4.975
5.229,least_concern,59.31,three_toed,Brown-throated sloth,4.285,3.736
6.513,least_concern,61.716,two_toed,Hoffmans two-toed sloth,1.994,5.453
5.837,least_concern,50.305,three_toed,Pale-throated sloth,3.804,3.65
7.881,least_concern,61.388,three_toed,Brown-throated sloth,6.131,4.585
7.343,least_concern,51.826,three_toed,Pale-throated sloth,4.323,2.47
8.679,least_concern,48.005,three_toed,Pale-throated sloth,4.543,3.939
7.395,least_concern,49.123,three_toed,Pale-throated sloth,5.356,2.421
7.999,least_concern,61.568,three_toed,Brown-throated sloth,4.567,4.095
7.772,least_concern,50.637,three_toed,Pale-throated sloth,4.008,5.484
7.216,least_concern,62.561,three_toed,Brown-throated sloth,4.537,4.06
7.411,least_concern,63.428,two_toed,Hoffmans two-toed sloth,2.766,6.496
6.379,least_concern,61.899,two_toed,Hoffmans two-toed sloth,2.019,5.646
5.883,least_concern,63.735,two_toed,Hoffmans two-toed sloth,2.791,4.364
7.049,least_concern,61.488,three_toed,Brown-throated sloth,5.114,5.627
7.888,least_concern,49.513,three_toed,Pale-throated sloth,3.926,5.832
8.838,least_concern,62.637,three_toed,Brown-throated sloth,4.535,4.667
3.494,least_concern,62.754,two_toed,Hoffmans two-toed sloth,3.509,6.549
7.887,least_concern,61.755,three_toed,Brown-throated sloth,6.336,4.057
7.556,least_concern,62.067,three_toed,Brown-throated sloth,6.583,4.125
8.452,least_concern,61.637,two_toed,Hoffmans two-toed sloth,3.532,5.849
4.763,least_concern,62.567,two_toed,Hoffmans two-toed sloth,3.142,5.388
8.358,least_concern,60.864,three_toed,Brown-throated sloth,7.294,5.437
8.074,least_concern,50.586,three_toed,Pale-throated sloth,4.541,4.113
6.585,vulnerable,62.853,three_toed,Maned three-toed sloth,4.505,6.629
7.959,least_concern,59.24,three_toed,Brown-throated sloth,6.235,5.057
6.987,least_concern,49.649,three_toed,Pale-throated sloth,5.398,6.416
9.371,least_concern,66.129,two_toed,Linnaeus two-toed sloth,2.428,6.264
7.682,least_concern,49.406,three_toed,Pale-throated sloth,4.164,5.519
6.663,least_concern,50.533,three_toed,Pale-throated sloth,5.826,5.527
6.811,least_concern,49.727,three_toed,Pale-throated sloth,4.533,4.027
6.731,least_concern,63.998,two_toed,Hoffmans two-toed sloth,2.764,4.682
7.745,least_concern,50.346,three_toed,Pale-throated sloth,6.631,3.981
8.206,vulnerable,61.442,three_toed,Maned three-toed sloth,6.036,4.985
5.547,least_concern,63.669,two_toed,Hoffmans two-toed sloth,1.976,5.485
5.861,least_concern,63.019,two_toed,Hoffmans two-toed sloth,2.359,4.861
6.89,least_concern,59.436,three_toed,Brown-throated sloth,4.994,3.106
8.057,least_concern,51.09,three_toed,Pale-throated sloth,2.643,4.123
6.667,least_concern,59.462,three_toed,Brown-throated sloth,5.465,4.254
8.58,least_concern,66.613,two_toed,Linnaeus two-toed sloth,1.688,7.007
8.711,least_concern,48.68,three_toed,Pale-throated sloth,4.889,3.918
7.648,least_concern,48.118,three_toed,Pale-throated sloth,3.042,4.995
8.13,least_concern,49.706,three_toed,Pale-throated sloth,4.671,4.154
8.233,least_concern,49.997,three_toed,Pale-throated sloth,4.263,3.682
5.726,least_concern,62.943,two_toed,Hoffmans two-toed sloth,3.442,5.103
6.094,least_concern,63.901,two_toed,Hoffmans two-toed sloth,4.207,5.663
8.447,critically_endangered,51.47,three_toed,Pygmy three-toed sloth,6.214,1.916
8.169,least_concern,61.565,three_toed,Brown-throated sloth,5.054,3.995
6.375,least_concern,61.521,two_toed,Hoffmans two-toed sloth,2.007,4.58
8.214,least_concern,51.686,three_toed,Pale-throated sloth,3.52,5.106
6.412,vulnerable,63.749,three_toed,Maned three-toed sloth,3.961,5.89
9.897,least_concern,50.707,three_toed,Pale-throated sloth,7.451,5.696
6.18,least_concern,49.209,three_toed,Pale-throated sloth,4.865,5.918
8.017,least_concern,51.279,three_toed,Pale-throated sloth,6.086,6.283
10.129,vulnerable,63.701,three_toed,Maned three-toed sloth,4.97,4.788
8.77,vulnerable,63.965,three_toed,Maned three-toed sloth,7.979,6.53
7.348,vulnerable,63.949,three_toed,Maned three-toed sloth,5.032,5.857
9.605,least_concern,48.855,three_toed,Pale-throated sloth,6.308,4.966
6.236,least_concern,62.456,two_toed,Hoffmans two-toed sloth,2.915,5.544
7.336,least_concern,59.474,three_toed,Brown-throated sloth,6.859,3.936
7.373,least_concern,60.412,three_toed,Brown-throated sloth,5.346,4.604
6.038,least_concern,48.548,three_toed,Pale-throated sloth,4.858,5.195
8.583,least_concern,49.615,three_toed,Pale-throated sloth,3.024,4.08
6.686,least_concern,60.074,three_toed,Brown-throated sloth,5.732,4.448
7.983,least_concern,61.47,three_toed,Brown-throated sloth,6.47,5.126
9.117,least_concern,60.457,three_toed,Brown-throated sloth,5.859,3.574
4.386,least_concern,63.746,two_toed,Hoffmans two-toed sloth,3.535,6.73
6.656,least_concern,61.81,two_toed,Hoffmans two-toed sloth,2.771,5.893
5.596,least_concern,63.518,two_toed,Hoffmans two-toed sloth,2.633,5.314
6.147,least_concern,48.85,three_toed,Pale-throated sloth,4.616,4.816
6.688,least_concern,62.175,three_toed,Brown-throated sloth,6.236,4.538
4.149,least_concern,62.192,two_toed,Hoffmans two-toed sloth,2.135,4.755
7.676,least_concern,50.016,three_toed,Pale-throated sloth,4.654,4.521
4.368,least_concern,62.661,two_toed,Hoffmans two-toed sloth,3.672,5.763
6.028,least_concern,60.342,three_toed,Brown-throated sloth,8.453,3.499
8.531,least_concern,48.429,three_toed,Pale-throated sloth,4.258,4.016
6.801,least_concern,51.487,three_toed,Pale-throated sloth,4.413,5.527
4.404,least_concern,64.597,two_toed,Hoffmans two-toed sloth,2.989,5.76
8.52,least_concern,52.16,three_toed,Pale-throated sloth,5.006,4.816
8.459,least_concern,48.157,three_toed,Pale-throated sloth,4.63,4.474
8.658,least_concern,51.028,three_toed,Pale-throated sloth,5.683,5.151
7.242,least_concern,64.027,two_toed,Linnaeus two-toed sloth,1.677,7.341
7.347,least_concern,49.103,three_toed,Pale-throated sloth,4.076,3.668
5.432,least_concern,64.659,two_toed,Hoffmans two-toed sloth,2.823,4.331
9.091,least_concern,66.604,two_toed,Linnaeus two-toed sloth,1.833,5.296
9.977,vulnerable,63.677,three_toed,Maned three-toed sloth,5.464,4.976
6.718,least_concern,51.1,three_toed,Pale-throated sloth,5.002,4.323
6.154,least_concern,62.459,two_toed,Hoffmans two-toed sloth,1.54,5.86
7.562,least_concern,60.356,three_toed,Brown-throated sloth,5.598,3.347
6.727,least_concern,49.011,three_toed,Pale-throated sloth,3.972,4.516
5.42,least_concern,60.827,two_toed,Hoffmans two-toed sloth,3.483,5.188
5.125,least_concern,60.778,two_toed,Hoffmans two-toed sloth,2.041,5.101
3.204,least_concern,62.874,two_toed,Hoffmans two-toed sloth,3.102,4.254
9.915,least_concern,50.542,three_toed,Pale-throated sloth,6.027,4.238
6.776,vulnerable,64.748,three_toed,Maned three-toed sloth,5.314,5.45
7.493,vulnerable,63.116,three_toed,Maned three-toed sloth,5.611,5.211
6.18,least_concern,62.788,two_toed,Hoffmans two-toed sloth,3.212,5.427
7.791,vulnerable,63.942,three_toed,Maned three-toed sloth,5.947,8.005
3.882,least_concern,61.476,two_toed,Hoffmans two-toed sloth,2.222,3.975
4.655,least_concern,62.112,two_toed,Hoffmans two-toed sloth,1.729,6.427
9.088,least_concern,65.009,two_toed,Linnaeus two-toed sloth,2.293,6.865
8.285,least_concern,66.6,two_toed,Linnaeus two-toed sloth,1.802,5.922
7.256,least_concern,52.371,three_toed,Pale-throated sloth,6.453,4.18
6.565,least_concern,60.029,three_toed,Brown-throated sloth,7.405,5.478
8.333,least_concern,49.892,three_toed,Pale-throated sloth,5.014,4.475
6.277,least_concern,49.319,three_toed,Pale-throated sloth,5.447,5.747
7.424,least_concern,50.881,three_toed,Pale-throated sloth,5.59,5.262
8.088,least_concern,49.923,three_toed,Pale-throated sloth,3.524,5.633
6.135,least_concern,63.493,two_toed,Hoffmans two-toed sloth,4.347,4.848
5.921,least_concern,63.779,two_toed,Hoffmans two-toed sloth,3.19,5.154
9.992,least_concern,65.501,two_toed,Linnaeus two-toed sloth,1.434,5.747
7.939,least_concern,50.828,three_toed,Pale-throated sloth,3.964,3.358
6.797,least_concern,48.345,three_toed,Pale-throated sloth,4.072,4.989
8.077,least_concern,50.247,three_toed,Pale-throated sloth,7.151,4.6
6.866,least_concern,49.133,three_toed,Pale-throated sloth,4.176,3.3
8.192,least_concern,61.739,three_toed,Brown-throated sloth,3.334,6.039
3.911,least_concern,63.538,two_toed,Hoffmans two-toed sloth,3.191,5.499
